INSERT INTO app_user (username, userpassword, useremail, userfirstname, userlastname, useraddress, userenabled, userconfirmationtoken) VALUES ('admin@admin', '$2a$10$EVfGJ5O6YLQs5Jj5ZOAKGuZ/2sLqXkNLw8j.MotNnYgHa1h2qUyIW', 'admin@admin', 'Bharat', 'Kumar', 'admin@admin', TRUE, null );   
INSERT INTO app_user (username, userpassword, useremail, userfirstname, userlastname, useraddress, userenabled, userconfirmationtoken) VALUES ('admin1@admin1', '$2a$10$Qpz0PDUuxsAN89iqm6Wj4u7EWnDHEyphJCBpIjWxPMhM/sQJ9V63y', 'admin1@admin1', 'Virat', 'Kumar', 'admin1@admin1', FALSE, null );
INSERT INTO app_user (username, userpassword, useremail, userfirstname, userlastname, useraddress, userenabled, userconfirmationtoken) VALUES ('admin2@admin2', '$2a$10$EVfGJ5O6YLQs5Jj5ZOAKGuZ/2sLqXkNLw8j.MotNnYgHa1h2qUyIW', 'admin2@admin2', 'Ajay', 'Kumar', 'admin2@admin2', FALSE, null);
INSERT INTO app_user (username, userpassword, useremail, userfirstname, userlastname, useraddress, userenabled, userconfirmationtoken) VALUES ('admin3@admin3', '$2a$10$EVfGJ5O6YLQs5Jj5ZOAKGuZ/2sLqXkNLw8j.MotNnYgHa1h2qUyIW', 'admin3@admin3', 'Akhilesh', 'Kumar', 'admin3@admin3', FALSE, null);
INSERT INTO app_user (username, userpassword, useremail, userfirstname, userlastname, useraddress, userenabled, userconfirmationtoken) VALUES ('admin4@admin4', '$2a$10$EVfGJ5O6YLQs5Jj5ZOAKGuZ/2sLqXkNLw8j.MotNnYgHa1h2qUyIW', 'admin4@admin4', 'Girish', 'Kumar', 'admin4@admin4', FALSE, null);
INSERT INTO app_user (username, userpassword, useremail, userfirstname, userlastname, useraddress, userenabled, userconfirmationtoken) VALUES ('admin5@admin5', '$2a$10$EVfGJ5O6YLQs5Jj5ZOAKGuZ/2sLqXkNLw8j.MotNnYgHa1h2qUyIW', 'admin5@admin5', 'Jagat', 'Kumar', 'admin5@admin5', FALSE, null);
INSERT INTO app_user (username, userpassword, useremail, userfirstname, userlastname, useraddress, userenabled, userconfirmationtoken) VALUES ('admin6@admin6', '$2a$10$EVfGJ5O6YLQs5Jj5ZOAKGuZ/2sLqXkNLw8j.MotNnYgHa1h2qUyIW', 'admin6@admin6', 'Bhagat', 'Kumar', 'admin6@admin6', FALSE, null);
INSERT INTO app_user (username, userpassword, useremail, userfirstname, userlastname, useraddress, userenabled, userconfirmationtoken) VALUES ('admin7@admin7', '$2a$10$EVfGJ5O6YLQs5Jj5ZOAKGuZ/2sLqXkNLw8j.MotNnYgHa1h2qUyIW', 'admin7@admin7', 'Vistaar', 'Kumar', 'admin7@admin7', FALSE, null);
INSERT INTO app_user (username, userpassword, useremail, userfirstname, userlastname, useraddress, userenabled, userconfirmationtoken) VALUES ('admin8@admin8', '$2a$10$EVfGJ5O6YLQs5Jj5ZOAKGuZ/2sLqXkNLw8j.MotNnYgHa1h2qUyIW', 'admin8@admin8', 'Prafull', 'Kumar', 'admin8@admin8', FALSE, null);
INSERT INTO app_user (username, userpassword, useremail, userfirstname, userlastname, useraddress, userenabled, userconfirmationtoken) VALUES ('admin9@admin9', '$2a$10$EVfGJ5O6YLQs5Jj5ZOAKGuZ/2sLqXkNLw8j.MotNnYgHa1h2qUyIW', 'admin9@admin9', 'Nishchal', 'Kumar', 'admin9@admin9', FALSE, null);
INSERT INTO app_user (username, userpassword, useremail, userfirstname, userlastname, useraddress, userenabled, userconfirmationtoken) VALUES ('admin10@admin10', '$2a$10$EVfGJ5O6YLQs5Jj5ZOAKGuZ/2sLqXkNLw8j.MotNnYgHa1h2qUyIW', 'admin10@admin10', 'Vishesh', 'Kumar', 'admin10@admin10', FALSE, null);
INSERT INTO app_user (username, userpassword, useremail, userfirstname, userlastname, useraddress, userenabled, userconfirmationtoken) VALUES ('admin11@admin11', '$2a$10$EVfGJ5O6YLQs5Jj5ZOAKGuZ/2sLqXkNLw8j.MotNnYgHa1h2qUyIW', 'admin11@admin11', 'Rajat', 'Kumar', 'admin11@admin11', FALSE, null);
INSERT INTO app_user (username, userpassword, useremail, userfirstname, userlastname, useraddress, userenabled, userconfirmationtoken) VALUES ('admin12@admin12', '$2a$10$EVfGJ5O6YLQs5Jj5ZOAKGuZ/2sLqXkNLw8j.MotNnYgHa1h2qUyIW', 'admin12@admin12', 'Prakat', 'Kumar', 'admin12@admin12', FALSE, null);
INSERT INTO app_user (username, userpassword, useremail, userfirstname, userlastname, useraddress, userenabled, userconfirmationtoken) VALUES ('admin13@admin13', '$2a$10$EVfGJ5O6YLQs5Jj5ZOAKGuZ/2sLqXkNLw8j.MotNnYgHa1h2qUyIW', 'admin13@admin13', 'Anand', 'Kumar', 'admin13@admin13', FALSE, null);
INSERT INTO app_user (username, userpassword, useremail, userfirstname, userlastname, useraddress, userenabled, userconfirmationtoken) VALUES ('admin14@admin14', '$2a$10$EVfGJ5O6YLQs5Jj5ZOAKGuZ/2sLqXkNLw8j.MotNnYgHa1h2qUyIW', 'admin14@admin14', 'Prahlad', 'Kumar', 'admin14@admin14', FALSE, null);
INSERT INTO app_user (username, userpassword, useremail, userfirstname, userlastname, useraddress, userenabled, userconfirmationtoken) VALUES ('admin15@admin15', '$2a$10$EVfGJ5O6YLQs5Jj5ZOAKGuZ/2sLqXkNLw8j.MotNnYgHa1h2qUyIW', 'admin15@admin15', 'Vishnu', 'Kumar', 'admin15@admin15', FALSE, null);

INSERT INTO app_role (id, name) VALUES ('1', 'ADMIN');
INSERT INTO app_role (id, name) VALUES ('2', 'EDITOR');
INSERT INTO app_role (id, name) VALUES ('3', 'VIEWER');


INSERT INTO app_user_role (userid, roleid) VALUES ('1', '1');
INSERT INTO app_user_role (userid, roleid) VALUES ('1', '2');
INSERT INTO app_user_role (userid, roleid) VALUES ('1', '3');
INSERT INTO app_user_role (userid, roleid) VALUES ('2', '3');
INSERT INTO app_user_role (userid, roleid) VALUES ('3', '1');
INSERT INTO app_user_role (userid, roleid) VALUES ('3', '2');
INSERT INTO app_user_role (userid, roleid) VALUES ('3', '3');
INSERT INTO app_user_role (userid, roleid) VALUES ('4', '1');
INSERT INTO app_user_role (userid, roleid) VALUES ('4', '2');
INSERT INTO app_user_role (userid, roleid) VALUES ('4', '3');
INSERT INTO app_user_role (userid, roleid) VALUES ('5', '1');
INSERT INTO app_user_role (userid, roleid) VALUES ('5', '2');
INSERT INTO app_user_role (userid, roleid) VALUES ('5', '3');
INSERT INTO app_user_role (userid, roleid) VALUES ('6', '1');
INSERT INTO app_user_role (userid, roleid) VALUES ('6', '2');
INSERT INTO app_user_role (userid, roleid) VALUES ('6', '3');
INSERT INTO app_user_role (userid, roleid) VALUES ('7', '1');
INSERT INTO app_user_role (userid, roleid) VALUES ('7', '2');
INSERT INTO app_user_role (userid, roleid) VALUES ('7', '3');
INSERT INTO app_user_role (userid, roleid) VALUES ('8', '1');
INSERT INTO app_user_role (userid, roleid) VALUES ('8', '2');
INSERT INTO app_user_role (userid, roleid) VALUES ('8', '3');
INSERT INTO app_user_role (userid, roleid) VALUES ('9', '1');
INSERT INTO app_user_role (userid, roleid) VALUES ('9', '2');
INSERT INTO app_user_role (userid, roleid) VALUES ('9', '3');
INSERT INTO app_user_role (userid, roleid) VALUES ('10', '1');
INSERT INTO app_user_role (userid, roleid) VALUES ('10', '2');
INSERT INTO app_user_role (userid, roleid) VALUES ('10', '3');
INSERT INTO app_user_role (userid, roleid) VALUES ('11', '1');
INSERT INTO app_user_role (userid, roleid) VALUES ('11', '2');
INSERT INTO app_user_role (userid, roleid) VALUES ('11', '3');
INSERT INTO app_user_role (userid, roleid) VALUES ('12', '1');
INSERT INTO app_user_role (userid, roleid) VALUES ('12', '2');
INSERT INTO app_user_role (userid, roleid) VALUES ('12', '3');
INSERT INTO app_user_role (userid, roleid) VALUES ('13', '1');
INSERT INTO app_user_role (userid, roleid) VALUES ('13', '2');
INSERT INTO app_user_role (userid, roleid) VALUES ('13', '3');
INSERT INTO app_user_role (userid, roleid) VALUES ('14', '1');
INSERT INTO app_user_role (userid, roleid) VALUES ('14', '2');
INSERT INTO app_user_role (userid, roleid) VALUES ('14', '3');
INSERT INTO app_user_role (userid, roleid) VALUES ('15', '1');
INSERT INTO app_user_role (userid, roleid) VALUES ('15', '2');
INSERT INTO app_user_role (userid, roleid) VALUES ('15', '3');
INSERT INTO app_user_role (userid, roleid) VALUES ('16', '1');
INSERT INTO app_user_role (userid, roleid) VALUES ('16', '2');
INSERT INTO app_user_role (userid, roleid) VALUES ('16', '3');

